epoch,train_loss,time_s,miou,iou_drivable,pixel_acc,terrain_acc,ece,val_loss
0,-1.4671320167463897,415.99919033050537,0.9052832884533286,0.862387881643069,0.9608823142924129,nan,0.01547640091219992,-3.7335030343131357
1,-4.867096150281445,407.41493487358093,0.9155377151191341,0.8761328717871744,0.9658318932266456,nan,0.007896060309702994,-6.666066062289004
2,-7.736397249986662,405.76760935783386,0.9180971297711649,0.8804172862226682,0.9666389398861024,nan,0.003972810303316394,-9.428227749276669
3,-10.48441176470494,407.0987060070038,0.9187759519300387,0.8821236524899896,0.9665766491663768,nan,0.00452410302517027,-12.235690776337968
4,-13.290250162150235,406.7347288131714,0.9196607133176491,0.8833582784279513,0.9669765535190283,nan,0.0033812235569884064,-14.852550755617004
5,-16.01715745253851,402.04537653923035,0.9289120797609485,0.8961963526990357,0.9711766644576627,nan,0.001702843810725676,-17.715968426237716
6,-18.68192252408738,402.1938545703888,0.9316400379836167,0.9001668835397957,0.9723196260465196,nan,0.011134183613988881,-20.50935740812143
7,-21.351396791726952,400.30558156967163,0.9314966632697163,0.8999943855279666,0.9722420322237264,nan,0.0036594576851150563,-23.032560022011026
8,-23.907562997997207,400.86222767829895,0.935002233827336,0.9047128715775303,0.9738944719283186,nan,0.0046910224268352525,-25.741746072381794
9,-26.46650194065683,401.7881395816803,0.9329034278048265,0.9021517152855737,0.9727773454043895,nan,0.003925092416515245,-28.145339231657104
10,-28.93419559209939,442.1131184101105,0.933917682098484,0.9025867865120418,0.9737128140503993,nan,0.006534274705173374,-30.634667213926924
11,-31.459213655907035,421.18784761428833,0.9362171431272448,0.9064703377961596,0.9744064907136752,nan,0.0042857866465792205,-33.054455773742795
12,-33.82961830612797,432.55342960357666,0.9309708141495949,0.8997432913834825,0.9717739433886813,nan,0.001705607538656849,-35.25214203367842
13,-36.237855960538724,431.8858075141907,0.9367695882285092,0.907351267715499,0.9745990941508349,nan,0.004027836042416596,-37.681457316621824
14,-38.49366033733291,431.1013946533203,0.9374237854604163,0.908357866460396,0.9748450368787058,nan,0.0015614687652606412,-39.90241723641667
15,-40.676494196117325,430.87591195106506,0.9392283207714498,0.9111453371747679,0.9755177677889415,nan,0.005294794289263388,-42.18941530637169
16,-42.84113196494595,432.15582036972046,0.9376626446668226,0.9087640271235156,0.9749159836007457,nan,0.0018297555476992173,-44.04771532542009
17,-44.82031008061146,431.6357367038727,0.9385456319671656,0.9097618349889135,0.9754241618390005,nan,0.0029966971181025165,-46.25808774110658
18,-46.859065188977546,430.86338472366333,0.9396511485825365,0.9112309620243253,0.9759528722329154,nan,0.005898166279449179,-48.198304602440366
19,-48.745654309676,431.1671853065491,0.9405421999808401,0.9125868134420335,0.9762940605289131,nan,0.000961810019668823,-49.94275273483542
20,-50.67131291011836,431.65404057502747,0.9399439351291808,0.9119857419325413,0.9759131964270858,nan,0.004808724788828495,-51.79633331298828
21,-52.340519041023,432.101190328598,0.9413372397802857,0.914002872903607,0.9764972550132729,nan,0.0013773690221479966,-53.43621322218639
22,-54.041216346561505,432.0704116821289,0.9402989526055785,0.9125792799485167,0.976023287186895,nan,0.002108371561996274,-55.02532033717379
23,-55.62662815503626,432.2348346710205,0.9412598551750222,0.9136656322114165,0.9765752033481062,nan,0.0024174927854053526,-56.426817534278854
24,-57.11445420860444,431.3025619983673,0.9442508315855664,0.9182574310946379,0.9776987110887585,nan,0.0015483599141926294,-58.07978311682577
25,-58.44200765750552,431.8779571056366,0.9426244509560553,0.9156972777906973,0.9771190543604036,nan,0.0030621636854794372,-59.385263365518654
26,-59.834334181459155,431.4086353778839,0.9428503239906763,0.9159092493874538,0.9772701798888629,nan,0.0008966900688536061,-60.60090401832094
27,-61.009048560481745,431.40491557121277,0.9413452307433139,0.914321269471034,0.9763516539641064,nan,0.00201511650200732,-61.644224996954144
28,-62.138854026794434,431.44524574279785,0.9436241341385855,0.9173775931959067,0.9774233290902181,nan,0.0014901288408144654,-62.82354645572271
29,-63.275665391371554,432.4252116680145,0.9441618902806367,0.9181845994934358,0.9776343080681268,nan,0.0018306363409054433,-63.75604808076899
30,-64.22896017548221,431.17671513557434,0.9452918003465685,0.9196791659148794,0.9781752638987627,nan,0.003121152084708477,-64.81421175132176
31,-65.14721790864164,432.03716802597046,0.943929066955419,0.9175309692852643,0.9776918276466451,nan,0.0016772696290948451,-65.55888666267322
32,-65.9300230832708,432.5585925579071,0.9447573868318806,0.9188475373556354,0.9779803856760119,nan,0.0019073728712361191,-66.33853181141718
33,-66.70992224520485,432.69689416885376,0.9453267959581813,0.919763708518018,0.9781733288538768,nan,0.0020447384896453914,-66.9012503190474
34,-67.38422467724588,431.1283173561096,0.9447143463978349,0.9187513451362517,0.9779790119418562,nan,0.002665385462142484,-67.65934613963852
35,-67.97143834325291,430.91937255859375,0.9447186763314749,0.9187893260577076,0.9779652746002995,nan,0.0015121831185789898,-68.10225268719967
36,-68.53894290348028,432.1925048828125,0.9461439834165479,0.9210525318350146,0.9784629651906991,nan,0.0019690466615286065,-68.60465118732859
37,-68.94361230735011,433.2912657260895,0.9455837468544463,0.9203034998776123,0.9781989718914493,nan,0.0020419098484170573,-68.99961743087326
38,-69.38210307703723,431.63794803619385,0.9446261003624281,0.9189545344534149,0.9777808101687289,nan,0.0028723591277193825,-69.1940060362825
39,-69.74009006167418,431.55474519729614,0.9458315927660148,0.9205505477916041,0.9783567740633319,nan,0.001711969596710064,-69.72323958140508
40,-70.03693652121012,432.00793385505676,0.945948679720689,0.9207102597328057,0.9784104235520783,nan,0.002086944957948496,-69.91710713753618
41,-70.19662249968356,431.3026547431946,0.9468960018767324,0.9220450546931904,0.9788235777922314,nan,0.0020083195390576927,-70.1140346785348
42,-70.47885993279067,432.65708446502686,0.9453986770844514,0.919948355874208,0.9781640672268272,nan,0.0024323315964353827,-70.17407774049032
43,-70.61361846347783,433.11871576309204,0.9464298225757353,0.9214443350584662,0.978592952938763,nan,0.0020046463920208295,-70.43414820185943
44,-70.69783244613033,432.6547634601593,0.9463169694942279,0.9212419775615955,0.9785648430882442,nan,0.0020157486964149005,-70.48051226853863
45,-70.84349091549048,432.19398760795593,0.9464834917924281,0.9214942409546858,0.9786288768255007,nan,0.0019922410531707855,-70.53967412066875
46,-70.88420051344289,434.88638186454773,0.9463906765640239,0.9212724202952172,0.9786328207719476,nan,0.0020331702592755172,-70.56120378505331
47,-70.9551044112084,411.8856129646301,0.9466019868203276,0.9216260005661739,0.9786977112466345,nan,0.002093078596504326,-70.5871189346166
48,-70.96699918196505,324.8656237125397,0.9466129726441936,0.9216339820177805,0.9787061604502586,nan,0.002042496659384557,-70.60163757648874
49,-70.93903134813245,380.4410614967346,0.9466343631476112,0.9216729151929406,0.9787111974754962,nan,0.0020628497790875504,-70.59693179693167
