uncertainty,geometric,temporal,terrain,target_alpha
0.6369616873214543,0.2697867137638703,0.04097352393619469,0,1.0
0.9127555772777217,0.6066357757671799,0.7294965609839984,0,1.0
0.9350724237877682,0.8158535541215322,0.002738500170148095,1,0.0
0.7296554464299441,0.17565562060255901,0.8631789223498866,3,1.0
0.2997118905373848,0.42268722119765845,0.028319671145462966,0,1.0
0.6471895115742501,0.6153851114812539,0.38367755426188344,0,1.0
0.9808353387762301,0.6855419844806947,0.6504592762678163,3,0.0
0.13509650502241122,0.7214883401940817,0.5253543224757259,2,0.0
0.4858353588317891,0.8894878343490003,0.9340435159562497,2,1.0
0.32186939107594215,0.5943000301996968,0.33791122550713326,1,0.0
0.8902743520047923,0.22715759353337972,0.6231871446860424,0,1.0
0.7870983074886834,0.23936944299295215,0.8764842308107038,0,0.0
0.3361170605456604,0.15027946689483906,0.450339366649287,3,0.0
0.05202130106440961,0.4045518398215282,0.19851304450925533,3,0.0
0.5803323859868507,0.2986961328189226,0.6719948779563594,3,1.0
0.36511016824482856,0.10549527957022953,0.6291081515397092,0,1.0
0.440377154715784,0.9545904936907372,0.499895813687647,0,1.0
0.9950965052353241,0.9489436749377653,0.4600451393090961,1,1.0
0.49742269548761897,0.5293121601967704,0.7857857007138075,0,1.0
0.7111428779897498,0.9320596866133782,0.1149326332809052,1,1.0
0.9274239286245599,0.9679261899246464,0.014706304965369288,0,1.0
0.9572101796109636,0.1487640122324979,0.972628813822955,3,1.0
0.8223738275430704,0.4799879238078322,0.23237291963930384,3,1.0
0.2661302722922926,0.5389344076221869,0.4427528289745315,3,1.0
0.040510711188434634,0.7320061956565608,0.6143732469489966,2,1.0
0.015991729523571974,0.7579510023564281,0.512758723262078,0,1.0
0.06608249672407474,0.8413172796123832,0.0666900087671014,2,0.0
0.9660620807840702,0.562231842228457,0.25886459317093224,1,0.0
0.8881183206591798,0.22586942841732438,0.1245547058352835,3,1.0
0.5540905021732678,0.8097107759127777,0.5604759520061858,1,0.0
0.4128963426808927,0.8181209709709104,0.6265064624197535,2,0.0
0.5526115105212872,0.5939242016131683,0.84829120827506,3,0.0
0.40651033674812664,0.909958961662297,0.043066888568204176,2,0.0
0.8298039852781027,0.009954560807291957,0.36504615775827065,3,0.0
0.6526145763366384,0.2738490985995572,0.7026520706597863,2,0.0
0.8647782954007741,0.059464151600338466,0.38077050831088943,3,0.0
0.48884954683346427,0.9764623219360445,0.7756911881018284,0,0.0
0.8631202041893178,0.8813071727376899,0.5107065055436453,1,0.0
0.9949173481609178,0.3159435453677002,0.18271237892656245,1,1.0
0.6678894055713512,0.9584136317779519,0.9257145772144187,3,1.0
0.8607014095476777,0.24714674032210748,0.1412465569010316,0,1.0
0.16705292878227218,0.395557273104876,0.9102557662160548,2,1.0
0.5783359149262727,0.19412977289079358,0.5260222486178752,3,0.0
0.9819426931267062,0.5713956004557744,0.006408882664310167,2,1.0
0.9782657138401457,0.5898700283209505,0.319681636282665,3,1.0
0.19510739845680503,0.5776878925178592,0.6022391763796258,0,1.0
0.07226526552987678,0.4999728236586185,0.7440974792826482,1,0.0
0.06289549845497133,0.7258808637757768,0.08776788675948677,0,0.0
0.8735226311207321,0.4723003367500115,0.9126219336408856,0,1.0
0.12740300904890633,0.07356290533063203,0.07032625356921807,3,1.0
